name,image
Absolute Black Granite,https://marmogranite.com/wp-content/uploads/2022/06/1-scaled.jpg
black galaxy granite,https://marmogranite.com/wp-content/uploads/2022/06/9-scaled.jpg
black forest granite,https://marmogranite.com/wp-content/uploads/2022/06/8-scaled.jpg
black pearl granite,https://marmogranite.com/wp-content/uploads/2022/06/5-scaled.jpg
ash black granite,https://marmogranite.com/wp-content/uploads/2022/06/11-scaled.jpg
coin black granite,https://marmogranite.com/wp-content/uploads/2022/06/15-scaled.jpg
https://marmogranite.com/fusion-black-granite/,https://marmogranite.com/wp-content/uploads/2022/06/45-scaled.jpg
classic white granite,https://marmogranite.com/wp-content/uploads/2022/06/14-scaled.jpg
andromeda white granite,https://marmogranite.com/wp-content/uploads/2022/06/4-scaled.jpg
alaska white granite,https://marmogranite.com/wp-content/uploads/2022/06/3-scaled.jpg
Azul white granite,https://marmogranite.com/wp-content/uploads/2022/06/6-scaled.jpg
bianco antico granite,https://marmogranite.com/wp-content/uploads/2022/06/30-scaled.jpg
colonial white granite,https://marmogranite.com/wp-content/uploads/2022/06/18-scaled.jpg
imperial white granite,https://marmogranite.com/wp-content/uploads/2022/06/48-scaled.jpg
white galaxy granite,https://marmogranite.com/wp-content/uploads/2022/06/44-scaled.jpg
viscount white granite,https://marmogranite.com/wp-content/uploads/2022/06/42-scaled.jpg
kashmir white granite,https://marmogranite.com/wp-content/uploads/2022/06/26-scaled.jpg
Platinum white granite,https://marmogranite.com/wp-content/uploads/2022/06/35-scaled.jpg
river white granite,https://marmogranite.com/wp-content/uploads/2022/06/37-scaled.jpg
Alaska Gold Granite,https://marmogranite.com/wp-content/uploads/2022/06/2-1-scaled.jpg
imperial gold granite,https://marmogranite.com/wp-content/uploads/2022/06/23-scaled.jpg
ghibli gold granite,https://marmogranite.com/wp-content/uploads/2022/06/22-scaled.jpg
Shivakashi granite,https://marmogranite.com/wp-content/uploads/2022/06/24-scaled.jpg
colonial gold granite,https://marmogranite.com/wp-content/uploads/2022/06/17-1-scaled.jpg
fusion gold granite,https://marmogranite.com/wp-content/uploads/2022/06/46-scaled.jpg
prada gold granite,https://marmogranite.com/wp-content/uploads/2022/06/36-scaled.jpg
titanium gold granite,https://marmogranite.com/wp-content/uploads/2022/06/41-scaled.jpg
Colombo Juparana Granite,https://marmogranite.com/wp-content/uploads/2022/06/16-1-scaled.jpg
Indian Juparana Granite,https://marmogranite.com/wp-content/uploads/2022/06/25-scaled.jpg
Crystal Yellow Granite,https://marmogranite.com/wp-content/uploads/2022/06/20-scaled.jpg
Blue Dunes Granite,https://marmogranite.com/wp-content/uploads/2022/06/12-1-scaled.jpg
blue pearl granite,https://marmogranite.com/wp-content/uploads/2022/06/13-1-scaled.jpg
Flash Blue Granite,https://marmogranite.com/wp-content/uploads/2022/06/21-scaled.jpg
crystal blue granite,https://marmogranite.com/wp-content/uploads/2022/06/19-scaled.jpg
labradorite blue granite,https://marmogranite.com/wp-content/uploads/2022/06/28-scaled.jpg
lavender blue granite,https://marmogranite.com/wp-content/uploads/2022/06/29-scaled.jpg
paradiso classic granite,https://marmogranite.com/wp-content/uploads/2022/06/34-scaled.jpg
Sapphire blue granite,https://marmogranite.com/wp-content/uploads/2022/06/38-scaled.jpg
vizag blue granite,https://marmogranite.com/wp-content/uploads/2022/06/43-scaled.jpg
Tiger skin granite,https://marmogranite.com/wp-content/uploads/2022/06/40-scaled.jpg
Nosra Green Granite,https://marmogranite.com/wp-content/uploads/2022/06/32-scaled.jpg
Tan Brown Granite,https://marmogranite.com/wp-content/uploads/2022/08/1-300x167.jpg
Coffee Brown Granite,https://marmogranite.com/wp-content/uploads/2022/08/2-300x167.jpg
Alaska Pink Granite,https://marmogranite.com/wp-content/uploads/2022/08/4-min-300x167.jpg
Red Multicolor Granite,https://marmogranite.com/wp-content/uploads/2022/08/5-min-300x167.jpg
New Imperiala Red Granite,https://marmogranite.com/wp-content/uploads/2024/10/Fortuna-Marmo-Granite-1-1024x571.jpg
Rosy Pink Granite,https://marmogranite.com/wp-content/uploads/2022/08/6-min-300x167.jpg
Chima Pink Granite,https://marmogranite.com/wp-content/uploads/2022/08/7-min-300x167.jpg
Desert Brown Granite,https://marmogranite.com/wp-content/uploads/2022/08/9-min-300x167.jpg
Desert Gold Granite,https://marmogranite.com/wp-content/uploads/2022/08/10-min-300x167.jpg
Desert Green Granite,https://marmogranite.com/wp-content/uploads/2022/08/11-min-300x167.jpg
Hassan Green Granite,https://marmogranite.com/wp-content/uploads/2022/08/12-min-300x167.jpg
Crystal Brown Granite,https://marmogranite.com/wp-content/uploads/2022/08/8-min-300x167.jpg
Jhansi Red Granite,https://marmogranite.com/wp-content/uploads/2024/11/Fortuna-Marmo-Granite-7-1.jpg
Lakha Red Granite,https://marmogranite.com/wp-content/uploads/2024/11/Fortuna-Marmo-Granite-9-600x335.jpg
Thunder White Granite,https://marmogranite.com/wp-content/uploads/2024/11/Fortuna-Marmo-Granite-10-300x167.jpg
Rose Wood Granite,https://marmogranite.com/wp-content/uploads/2024/11/Fortuna-Marmo-Granite-11-300x167.jpg
French White Granite,https://marmogranite.com/wp-content/uploads/2024/11/Fortuna-Marmo-Granite-15-400x223.jpg
Surf Green Granite,https://marmogranite.com/wp-content/uploads/2024/11/Fortuna-Marmo-Granite-16-400x223.jpg
Aspen White Granite,https://marmogranite.com/wp-content/uploads/2024/11/Fortuna-Marmo-Granite-17-400x223.jpg
Bala Flower Granite,https://marmogranite.com/wp-content/uploads/2024/11/Fortuna-Marmo-Granite-19-400x223.jpg
Millenium Cream Granite,https://marmogranite.com/wp-content/uploads/2024/11/Fortuna-Marmo-Granite-20-400x223.jpg
Indian Aurora Granite,https://marmogranite.com/wp-content/uploads/2024/11/Fortuna-Marmo-Granite-21-400x223.jpg
Cats Eye Granite,https://marmogranite.com/wp-content/uploads/2024/11/Fortuna-Marmo-Granite-22-400x223.jpg
Moon White Granite,https://marmogranite.com/wp-content/uploads/2024/11/Fortuna-Marmo-Granite-23-400x223.jpg
Apple Green Granite,https://marmogranite.com/wp-content/uploads/2024/11/Fortuna-Marmo-Granite-30.jpg
impala Black Granite,https://marmogranite.com/wp-content/uploads/2024/11/Fortuna-Marmo-Granite-29.jpg
Ivory Fantasy Granite,https://marmogranite.com/wp-content/uploads/2024/11/Fortuna-Marmo-Granite-27.jpg
S White Granite,https://marmogranite.com/wp-content/uploads/2024/11/Fortuna-Marmo-Granite-26.jpg
jubilee grey granite,https://marmogranite.com/wp-content/uploads/2024/11/Fortuna-Marmo-Granite-28.jpg
Malwada Yellow Granite,https://marmogranite.com/wp-content/uploads/2024/11/Fortuna-Marmo-Granite-24.jpg
Inkas Gold Granite,https://marmogranite.com/wp-content/uploads/2024/11/Fortuna-Marmo-Granite-25.jpg
Amadeus Blue Granite,https://marmogranite.com/wp-content/uploads/2024/12/Fortuna-Marmo-Granite-32-300x167.jpg
Amba White Granite,https://marmogranite.com/wp-content/uploads/2024/12/Fortuna-Marmo-Granite-33-300x167.jpg
Patagonia Granite,https://marmogranite.com/wp-content/uploads/2024/12/Fortuna-Marmo-Granite-34-300x167.jpg
Alpinus Granite,https://marmogranite.com/wp-content/uploads/2024/12/Fortuna-Marmo-Granite-35-300x167.jpg
Madura Gold Granite,https://marmogranite.com/wp-content/uploads/2024/12/Fortuna-Marmo-Granite-36-1.jpg
Kashmir Gold Granite,https://marmogranite.com/wp-content/uploads/2024/12/Fortuna-Marmo-Granite-37-1.jpg
Steel Grey Granite,https://marmogranite.com/wp-content/uploads/2024/12/Fortuna-Marmo-Granite-38.jpg
Agate Granite,https://marmogranite.com/wp-content/uploads/2025/03/Fortuna-Marmo-Granite.png
Titanium Black Granite,https://marmogranite.com/wp-content/uploads/2025/04/Fortuna-Marmo-Granite-1.jpg
Mango Twist Granite,https://marmogranite.com/wp-content/uploads/2025/04/Fortuna-Marmo-Granite-2025-04-30T164700.292.png
Adhunik Brown Granite,https://marmogranite.com/wp-content/uploads/2025/06/Fortuna-Marmo-Granite-2025-06-24T142902.837-1024x571.png
Angola Brown Granite,https://marmogranite.com/wp-content/uploads/2025/06/Fortuna-Marmo-Granite-2025-06-24T152359.728-1024x571.png
Belvedere Granite,https://marmogranite.com/wp-content/uploads/2025/06/Fortuna-Marmo-Granite-2025-06-24T155758.231-1024x571.png
Copper Silk Granite,https://marmogranite.com/wp-content/uploads/2025/06/Fortuna-Marmo-Granite-2025-06-24T162933.203-1024x571.png
Jasmine White Granite,https://marmogranite.com/wp-content/uploads/2025/06/Fortuna-Marmo-Granite-2025-06-24T170349.886-1024x571.png
Kharda Red Granite,https://marmogranite.com/wp-content/uploads/2025/06/Fortuna-Marmo-Granite-2025-06-24T173107.822-1024x571.png
Lemurian Granite,https://marmogranite.com/wp-content/uploads/2025/06/Fortuna-Marmo-Granite-2025-06-24T183405.033-1024x571.png
Matrix Granite,https://marmogranite.com/wp-content/uploads/2025/06/Fortuna-Marmo-Granite-2025-06-25T114308.476-1024x571.png
Brown Pearl Granite,https://marmogranite.com/wp-content/uploads/2025/06/Fortuna-Marmo-Granite-2025-06-25T124519.369-1024x571.png
Magma Gold Granite,https://marmogranite.com/wp-content/uploads/2025/06/Fortuna-Marmo-Granite-2025-06-25T132603.500-1024x571.png
Brass Blue Granite,https://marmogranite.com/wp-content/uploads/2025/06/Fortuna-Marmo-Granite-2025-06-25T135338.780-1024x571.png
kashmir Cream Granite,https://marmogranite.com/wp-content/uploads/2025/07/Fortuna-Marmo-Granite-2025-07-01T131945.162-600x335.png
Sierra Grey Granite,https://marmogranite.com/wp-content/uploads/2025/07/Fortuna-Marmo-Granite-2025-07-03T124900.747.png